first_name,last_name,email,mobile,age,gender,address,passportNumber,issue_date,expiry_date,passport_type,amount,issued_kendra
Emily,Johnson,emily.johnson@email.com,9876543210,60,Female,"123, Anna Salai, Teynampet, Chennai",F9189927,17-11-2020,20-06-2036,normal,3000,Chennai
Benjamin,Smith,benjamin.smith@email.com,9765432109,19,Male,"234, North Masi Street, Madurai",L3220635,06-05-2015,14-03-2039,tatkal,5000,Madurai
Sophia,Brown,sophia.brown@email.com,9654321098,36,Female,"789, Avinashi Road, Peelamedu, Coimbatore",J9035412,07-12-2016,25-01-2039,normal,3000,Coimbatore
Christopher,Davis,christopher.davis@email.com,9543210987,11,Male,"234, Thillai Nagar Main Road, Thillai Nagar, Trichy",E9391704,01-03-2022,26-07-2042,tatkal,5000,Trichy
Mia,Wilson,mia.wilson@email.com,9432109876,73,Female,"123, South Bypass Road, Palayamkottai, Tirunelveli",L2451795,19-01-2023,17-01-2038,normal,3000,Tirunelveli
Daniel,Jones,daniel.jones@email.com,9321098765,78,Male,"345, Connaught Place, New Delhi",L8082991,05-01-2021,19-06-2037,tatkal,5000,New Delhi
Abigail,Anderson,abigail.anderson@email.com,9210987654,35,Female,"789, Marine Drive, Mumbai",P1474214,20-12-2019,15-07-2039,normal,3000,Mumbai
William,Martinez,william.martinez@email.com,9109876543,49,Male,"234, Banjara Hills, Hyderabad",K7069751,13-12-2014,03-11-2043,tatkal,5000,Hyderabad
Olivia,Clark,olivia.clark@email.com,9008765432,33,Female,"678, MG Road, Bangalore",C1641022,13-01-2023,05-03-2042,normal,3000,Bengaluru
James,Taylor,james.taylor@email.com,8907654321,54,Male,"234, Park Street, Kolkata",F9137195,05-06-2020,10-03-2039,tatkal,5000,Kolkata
Ava,Moore,ava.moore@email.com,8806543210,80,Female,"456, Velachery Main Road, Velachery, Chennai",W9894194,03-09-2022,02-09-2037,normal,3000,Chennai
John,Jackson,john.jackson@email.com,8705432109,54,Male,"567, KK Nagar Main Road, KK Nagar, Madurai",N4985395,02-10-2017,07-03-2043,tatkal,5000,Madurai
Emma,Harris,emma.harris@email.com,8604321098,16,Female,"123, Trichy Road, Ramanathapuram, Coimbatore",E1508451,13-02-2017,02-09-2037,normal,3000,Coimbatore
Ethan,Martin,ethan.martin@email.com,8503210987,30,Male,"567, Karur Bypass Road, Subramaniapuram, Trichy",E2900270,12-05-2016,14-07-2042,tatkal,5000,Trichy
Isabella,Walker,isabella.walker@email.com,8402109876,55,Female,"456, Vannarpettai Main Road, Vannarpettai, Tirunelveli",X3175463,12-08-2016,15-11-2034,normal,3000,Tirunelveli
Michael,White,michael.white@email.com,8301098765,18,Male,"678, Janpath, New Delhi",M6758479,27-10-2021,26-03-2038,tatkal,5000,New Delhi
Harper,Thomas,harper.thomas@email.com,8200987654,73,Female,"321, Colaba, Mumbai",H4777158,10-07-2023,05-09-2035,normal,3000,Mumbai
Samuel,Nelson,samuel.nelson@email.com,8109876543,78,Male,"567, Jubilee Hills, Hyderabad",U2893391,23-09-2023,17-06-2037,tatkal,5000,Hyderabad
Grace,Carter,grace.carter@email.com,8008765432,74,Female,"901, Indiranagar, Bangalore",K2050904,04-04-2021,15-04-2042,normal,3000,Bengaluru
Henry,Wilson,henry.wilson@email.com,7907654321,44,Male,"567, Salt Lake City, Kolkata",F7869676,27-08-2022,06-05-2034,tatkal,5000,Kolkata
Ella,Foster,ella.foster@email.com,7806543210,35,Female,"789, Mount Road, Saidapet, Chennai",G6518157,17-07-2021,14-01-2034,normal,3000,Chennai
Joseph,Mitchell,joseph.mitchell@email.com,7705432109,60,Male,"789, West Veli Street, Madurai",S8669415,07-08-2015,04-04-2041,tatkal,5000,Madurai
Avery,Wright,avery.wright@email.com,7604321098,65,Female,"456, Gandhipuram Main Road, Gandhipuram, Coimbatore",B3503518,17-02-2017,23-04-2038,normal,3000,Coimbatore
Lily,Anderson,lily.anderson@email.com,7503210987,24,Male,"789, Rock Fort Road, Rock Fort, Trichy",A3170897,19-02-2023,14-08-2040,tatkal,5000,Trichy
Andrew,Martinez,andrew.martinez@email.com,7402109876,49,Female,"789, High Ground Road, Pettai, Tirunelveli",X5507955,05-08-2020,23-08-2036,normal,3000,Tirunelveli
Chloe,Green,chloe.green@email.com,7301098765,72,Male,"901, Rajpath, New Delhi",V5814639,20-12-2014,09-05-2033,tatkal,5000,New Delhi
Matthew,Turner,matthew.turner@email.com,7200987654,14,Female,"234, Bandra West, Mumbai",C1928984,02-08-2017,28-12-2043,normal,3000,Mumbai
Sofia,Allen,sofia.allen@email.com,7109876543,61,Male,"789, Ameerpet, Hyderabad",C5699125,10-11-2016,08-09-2038,tatkal,5000,Hyderabad
Oliver,Scott,oliver.scott@email.com,7008765432,60,Female,"456, Jayanagar, Bangalore",N1308966,01-01-2017,11-11-2035,normal,3000,Bengaluru
Scarlett,Walker,scarlett.walker@email.com,6907654321,53,Male,"321, Howrah, Kolkata",Q9167110,26-06-2019,08-05-2043,tatkal,5000,Kolkata
Lucy,Foster,lucy.foster@email.com,6806543210,72,Female,"321, GST Road, Guindy, Chennai",S9368702,07-03-2019,14-04-2041,normal,3000,Chennai
Amelia,Hayes,amelia.hayes@email.com,6705432109,71,Male,"321, Bypass Road, Anna Nagar, Madurai",J9626685,09-09-2015,26-02-2039,tatkal,5000,Madurai
Alexander,Parker,alexander.parker@email.com,6604321098,48,Female,"654, Mettupalayam Road, Thudiyalur, Coimbatore",Q3256215,06-11-2017,01-05-2041,normal,3000,Coimbatore
Charlotte,Smith,charlotte.smith@email.com,6503210987,40,Male,"321, Vayalur Road, K.K. Nagar, Trichy",O8055491,21-04-2016,09-01-2038,tatkal,5000,Trichy
Noah,Baker,noah.baker@email.com,6402109876,65,Female,"321, North Bypass Road, Melapalayam, Tirunelveli",B8012187,21-06-2017,13-10-2038,normal,3000,Tirunelveli
Jackson,Harris,jackson.harris@email.com,6301098765,48,Male,"234, Chanakyapuri, New Delhi",B2374275,17-08-2021,24-12-2035,tatkal,5000,New Delhi
Daniel,Lewis,daniel.lewis@email.com,6200987654,45,Female,"567, Juhu, Mumbai",A6799449,11-08-2023,18-08-2043,normal,3000,Mumbai
Sophia,Taylor,sophia.taylor@email.com,6109876543,35,Male,"321, Gachibowli, Hyderabad",E8277356,18-07-2017,09-02-2041,tatkal,5000,Hyderabad
James,Clark,james.clark@email.com,6008765432,10,Female,"456, Whitefield, Bangalore",B3311856,10-11-2015,14-07-2034,normal,3000,Bengaluru
Emily,Rivera,emily.rivera@email.com,5907654321,36,Male,"432, Alipore, Kolkata",D7312610,12-07-2020,05-02-2035,tatkal,5000,Kolkata
Benjamin,Young,benjamin.young@email.com,5806543210,64,Female,"234, OMR Road, Thoraipakkam, Chennai",L3238203,28-05-2015,17-01-2038,normal,3000,Chennai
Ava,Lewis,ava.lewis@email.com,5705432109,39,Male,"876, South Masi Street, Madurai",S7084421,14-07-2014,28-08-2043,tatkal,5000,Madurai
William,Smith,william.smith@email.com,5604321098,46,Female,"234, Sathy Road, Saravanampatti, Coimbatore",L4383820,27-03-2020,10-03-2043,normal,3000,Coimbatore
Mia,King,mia.king@email.com,5503210987,16,Male,"432, Junction Main Road, Junction, Trichy",R1414105,21-01-2015,18-12-2040,tatkal,5000,Trichy
Jackson,Anderson,jackson.anderson@email.com,5402109876,77,Female,"432, Junction Main Road, Junction, Tirunelveli",Y9911575,16-12-2022,24-05-2039,normal,3000,Tirunelveli
Sophia,Martin,sophia.martin@email.com,5301098765,40,Male,"567, Karol Bagh, New Delhi",B1743607,24-02-2019,23-05-2041,tatkal,5000,New Delhi
Samuel,Wright,samuel.wright@email.com,5200987654,48,Female,"432, Andheri East, Mumbai",U3024766,02-09-2013,03-07-2035,normal,3000,Mumbai
Lily,Foster,lily.foster@email.com,5109876543,21,Male,"876, Hitech City, Hyderabad",X6846578,27-06-2021,05-01-2041,tatkal,5000,Hyderabad
Ethan,Allen,ethan.allen@email.com,5008765432,35,Female,"567, Whitefield, Bangalore",D9560812,08-12-2014,27-04-2039,normal,3000,Bengaluru
Grace,Scott,grace.scott@email.com,4907654321,59,Male,"876, Newtown, Kolkata",F3076447,16-08-2017,07-07-2035,tatkal,5000,Kolkata
Benjamin,Baker,benjamin.baker@email.com,4806543210,22,Female,"567, Poonamallee High Road, Kilpauk, Chennai",F2333658,14-05-2021,17-10-2038,normal,3000,Chennai
Olivia,Harris,olivia.harris@email.com,4705432109,25,Male,"654, Bharathiyar Road, Ellis Nagar, Madurai",P6077044,16-03-2013,01-04-2035,tatkal,5000,Madurai
Andrew,Walker,andrew.walker@email.com,4604321098,23,Female,"567, Pollachi Main Road, Podanur, Coimbatore",T4091460,04-08-2021,18-08-2039,normal,3000,Coimbatore
Chloe,Nelson,chloe.nelson@email.com,4503210987,55,Male,"654, Maharaja Nagar Road, Maharaja Nagar, Trichy",C4460858,03-05-2016,13-11-2035,tatkal,5000,Trichy
Matthew,Hayes,matthew.hayes@email.com,4402109876,70,Female,"567, Maharaja Nagar Road, Maharaja Nagar, Tirunelveli",P4684161,10-05-2021,25-10-2033,normal,3000,Tirunelveli
Sofia,Clark,sofia.clark@email.com,4301098765,28,Male,"890, Lajpat Nagar, New Delhi",W5773495,12-09-2021,06-10-2033,tatkal,5000,New Delhi
Samuel,Moore,samuel.moore@email.com,4200987654,79,Female,"654, Powai, Mumbai",S9849810,24-02-2016,13-04-2041,normal,3000,Mumbai
Lily,Thomas,lily.thomas@email.com,4109876543,15,Male,"432, Madhapur, Hyderabad",D7399667,16-12-2023,21-06-2042,tatkal,5000,Hyderabad
Ethan,Nelson,ethan.nelson@email.com,4008765432,19,Female,"234, Koramangala, Bangalore",S6239644,06-01-2020,08-10-2041,normal,3000,Bengaluru
Grace,Harris,grace.harris@email.com,3907654321,68,Male,"789, Ballygunge, Kolkata",D1804303,19-04-2014,06-03-2043,tatkal,5000,Kolkata
Benjamin,Walker,benjamin.walker@email.com,3806543210,45,Female,"890, Adyar Bridge Road, Adyar, Chennai",T1818847,10-04-2013,19-04-2035,normal,3000,Chennai
Ava,Scott,ava.scott@email.com,3705432109,29,Male,"432, Thiruparankundram Road, Thiruparankundram, Madurai",I9085584,12-08-2023,20-12-2037,tatkal,5000,Madurai
Noah,Turner,noah.turner@email.com,3604321098,16,Female,"321, Singanallur Main Road, Singanallur, Coimbatore",L6769324,19-05-2021,16-09-2037,normal,3000,Coimbatore
Mia,Jackson,mia.jackson@email.com,3503210987,10,Male,"876, Thatchanallur Road, Thatchanallur, Trichy",N9246873,12-11-2015,16-05-2042,tatkal,5000,Trichy
Jackson,Wright,jackson.wright@email.com,3402109876,44,Female,"890, Thatchanallur Road, Thatchanallur, Tirunelveli",H9508885,23-10-2023,05-12-2036,normal,3000,Tirunelveli
Sofia,Taylor,sofia.taylor@email.com,3301098765,78,Male,"123, Nehru Place, New Delhi",K2339575,24-07-2013,23-05-2040,tatkal,5000,New Delhi
Daniel,Foster,daniel.foster@email.com,3200987654,22,Female,"123, Goregaon West, Mumbai",C8679040,27-09-2013,13-08-2038,normal,3000,Mumbai
Ava,Walker,ava.walker@email.com,3109876543,61,Male,"123, Kukatpally, Hyderabad",Q3551757,24-08-2015,18-08-2034,tatkal,5000,Hyderabad
Benjamin,Smith,benjamin.smith@email.com,3008765432,60,Female,"678, Greater Kailash, Bangalore",M8111123,07-04-2017,16-01-2035,normal,3000,Bengaluru
Mia,Moore,mia.moore@email.com,2907654321,31,Male,"123, Dum Dum, Kolkata",M4027945,05-01-2020,24-02-2043,tatkal,5000,Kolkata
Michael,Turner,michael.turner@email.com,2806543210,63,Female,"123, Radhakrishnan Salai, Mylapore, Chennai",I4800300,28-04-2020,07-09-2038,normal,3000,Chennai
Harper,Anderson,harper.anderson@email.com,2705432109,38,Male,"123, Chokkalinga Nagar, Melur Road, Madurai",D9330317,17-06-2015,10-06-2035,tatkal,5000,Madurai
Alexander,Walker,alexander.walker@email.com,2604321098,25,Female,"890, Trichy Road, Sulur, Coimbatore",W2180735,12-03-2014,03-09-2034,normal,3000,Coimbatore
Scarlett,Nelson,scarlett.nelson@email.com,2503210987,69,Male,"123, Tenkasi Road, Tenkasi, Trichy",E5595844,21-03-2017,02-03-2039,tatkal,5000,Trichy
Christopher,Hayes,christopher.hayes@email.com,2402109876,49,Female,"234, Tenkasi Road, Tenkasi, Tirunelveli",W1563064,13-05-2019,19-04-2042,normal,3000,Tirunelveli
Emily,Clark,emily.clark@email.com,2301098765,78,Male,"345, Vasant Vihar, New Delhi",B3991446,24-02-2016,28-09-2037,tatkal,5000,New Delhi
Ethan,Davis,ethan.davis@email.com,2200987654,30,Female,"876, Malad, Mumbai",Q9524384,15-01-2022,24-01-2039,normal,3000,Mumbai
Amelia,Taylor,amelia.taylor@email.com,2109876543,42,Male,"345, Miyapur, Hyderabad",P6637342,25-07-2021,22-11-2039,tatkal,5000,Hyderabad
Samuel,Smith,samuel.smith@email.com,2008765432,16,Female,"345, Electronic City, Bangalore",V2608282,23-10-2020,04-06-2037,normal,3000,Bengaluru
Lily,Baker,lily.baker@email.com,1907654321,73,Male,"345, Behala, Kolkata",D1816327,21-02-2023,10-01-2034,tatkal,5000,Kolkata
William,Martin,william.martin@email.com,1806543210,29,Female,"432, Chennai Bypass Road, Tambaram, Chennai",R6035555,13-10-2016,10-06-2042,normal,3000,Chennai
Grace,King,grace.king@email.com,1705432109,47,Male,"345, Narimedu Main Road, Narimedu, Madurai",S1091451,17-07-2018,24-10-2040,tatkal,5000,Madurai
Oliver,Jackson,oliver.jackson@email.com,1604321098,65,Female,"432, Siruvani Main Road, Kovai Pudur, Coimbatore",G5046157,23-02-2021,21-05-2037,normal,3000,Coimbatore
Emma,Harris,emma.harris@email.com,1503210987,32,Male,"345, Kadayanallur Road, Ambasamudram, Trichy",M9253591,24-09-2017,18-11-2042,tatkal,5000,Trichy
Joseph,Baker,joseph.baker@email.com,1402109876,67,Female,"432, Kadayanallur Road, Ambasamudram, Tirunelveli",D3634179,15-10-2014,06-03-2036,normal,3000,Tirunelveli
Harper,Hayes,harper.hayes@email.com,1301098765,64,Male,"567, Lajpat Nagar, New Delhi",F2255596,27-05-2014,21-12-2042,tatkal,5000,New Delhi
Benjamin,Taylor,benjamin.taylor@email.com,1200987654,58,Female,"890, Borivali, Mumbai",H9813642,04-02-2022,22-12-2036,normal,3000,Mumbai
Sophia,Davis,sophia.davis@email.com,1109876543,39,Male,"432, Dilsukhnagar, Hyderabad",V9910638,10-04-2019,02-01-2037,tatkal,5000,Hyderabad
John,Martinez,john.martinez@email.com,1008765432,32,Female,"901, Bannerghatta Road, Bangalore",K7167599,17-05-2019,09-03-2042,normal,3000,Bengaluru
Ava,Smith,ava.smith@email.com,9076543210,35,Male,"678, Barrackpore, Kolkata",E7754771,03-09-2013,05-11-2033,tatkal,5000,Kolkata
Matthew,Turner,matthew.turner@email.com,8965432109,44,Female,"345, Rajaji Street, Chrompet, Chennai",E3525659,15-04-2018,03-06-2038,normal,3000,Chennai
Mia,Johnson,mia.johnson@email.com,8854321098,75,Male,"567, Palanganatham Road, Palanganatham, Madurai",M9432767,10-11-2019,03-08-2036,tatkal,5000,Madurai
Christopher,Clark,christopher.clark@email.com,8743210987,68,Female,"345, Avarampalayam Road, Ganapathy, Coimbatore",T5229106,14-08-2013,23-08-2043,normal,3000,Coimbatore
Abigail,Walker,abigail.walker@email.com,8632109876,66,Male,"567, Nanguneri Road, Nanguneri, Trichy",N6503577,28-06-2019,02-02-2034,tatkal,5000,Trichy
William,Davis,william.davis@email.com,8521098765,56,Female,"567, Nanguneri Road, Nanguneri, Tirunelveli",R7290735,17-06-2016,05-02-2037,normal,3000,Tirunelveli
Chloe,Clark,chloe.clark@email.com,8410987654,28,Male,"678, Greater Kailash, New Delhi",Q2754704,15-02-2020,07-12-2042,tatkal,5000,New Delhi
Samuel,Davis,samuel.davis@email.com,8309876543,40,Female,"567, Thane, Mumbai",N2868767,11-12-2021,24-09-2043,normal,3000,Mumbai
Emily,Turner,emily.turner@email.com,8208765432,77,Male,"678, Kukatpally, Hyderabad",B2909458,07-11-2018,28-01-2037,tatkal,5000,Hyderabad
Alexander,Lewis,alexander.lewis@email.com,8107654321,71,Female,"567, Yelahanka, Bangalore",O8887615,03-12-2019,04-04-2035,normal,3000,Bengaluru
